{"mfu":0.03924936346285891,"_wandb":{"runtime":87},"_runtime":87,"_step":40,"iter":2000,"train/loss":1.61948298682546e-06,"val/loss":1.6191646636798396e-06,"lr":0.0001,"_timestamp":1.7695708896639605e+09}